ID,Lat,Lng,District,County,Fwy,Lanes,Type,Direction,ID2
1114091,32.544463,-117.032486,11,San Diego,I5-N,6,Mainline,N,6931
1118333,32.55169,-117.045725,11,San Diego,I5-N,4,Mainline,N,6932
1118348,32.558459,-117.061845,11,San Diego,I5-N,4,Mainline,N,6933
1114720,32.561334,-117.067081,11,San Diego,I5-N,4,Mainline,N,6934
1118352,32.569052,-117.076507,11,San Diego,I5-N,4,Mainline,N,6935
1118743,32.577106,-117.082889,11,San Diego,I5-N,4,Mainline,N,6936
1120362,32.604051,-117.089763,11,San Diego,I5-N,4,Mainline,N,6937
1118796,32.613851,-117.090918,11,San Diego,I5-N,4,Mainline,N,6938
1118735,32.630565,-117.096247,11,San Diego,I5-N,4,Mainline,N,6939
1118450,32.640259,-117.100052,11,San Diego,I5-N,5,Mainline,N,6940
1114190,32.658963,-117.107386,11,San Diego,I5-N,5,Mainline,N,6941
1118458,32.671696,-117.110938,11,San Diego,I5-N,4,Mainline,N,6942
1118479,32.676941,-117.109212,11,San Diego,I5-N,4,Mainline,N,6943
1114205,32.686187,-117.11275,11,San Diego,I5-N,6,Mainline,N,6944
1125469,32.688981,-117.115932,11,San Diego,I5-N,4,Mainline,N,6945
1114211,32.694337,-117.124759,11,San Diego,I5-N,4,Mainline,N,6946
1126864,32.694108,-117.124841,11,San Diego,I5-N,4,Mainline,N,6947
1117762,32.694578,-117.129462,11,San Diego,I5-N,4,Mainline,N,6948
1114219,32.695918,-117.134988,11,San Diego,I5-N,6,Mainline,N,6949
1117782,32.706216,-117.147448,11,San Diego,I5-N,5,Mainline,N,6950
1117809,32.718046,-117.147616,11,San Diego,I5-N,4,Mainline,N,6951
1117748,32.723648,-117.150497,11,San Diego,I5-N,6,Mainline,N,6952
1113976,32.724117,-117.156091,11,San Diego,I5-N,4,Mainline,N,6953
1117741,32.723871,-117.164331,11,San Diego,I5-N,4,Mainline,N,6954
1108603,32.727284,-117.167641,11,San Diego,I5-N,5,Mainline,N,6955
1117835,32.731968,-117.171694,11,San Diego,I5-N,5,Mainline,N,6956
1117717,32.735914,-117.175223,11,San Diego,I5-N,4,Mainline,N,6957
1118078,32.735429,-117.174785,11,San Diego,I5-N,4,Mainline,N,6958
1108611,32.741137,-117.179918,11,San Diego,I5-N,4,Mainline,N,6959
1108613,32.743605,-117.184656,11,San Diego,I5-N,4,Mainline,N,6960
1114050,32.746748,-117.191312,11,San Diego,I5-N,4,Mainline,N,6961
1108617,32.750068,-117.196046,11,San Diego,I5-N,4,Mainline,N,6962
1118496,32.768302,-117.206075,11,San Diego,I5-N,4,Mainline,N,6963
1126411,32.770668,-117.206677,11,San Diego,I5-N,4,Mainline,N,6964
1114805,32.779349,-117.208332,11,San Diego,I5-N,5,Mainline,N,6965
1114035,32.788076,-117.2069,11,San Diego,I5-N,4,Mainline,N,6966
1108547,32.79154,-117.20716,11,San Diego,I5-N,4,Mainline,N,6967
1118707,32.797132,-117.209541,11,San Diego,I5-N,4,Mainline,N,6968
1118521,32.807939,-117.216589,11,San Diego,I5-N,4,Mainline,N,6969
1108665,32.81362,-117.2211,11,San Diego,I5-N,4,Mainline,N,6970
1119637,32.834969,-117.233294,11,San Diego,I5-N,4,Mainline,N,6971
1122594,32.837787,-117.234529,11,San Diego,I5-N,4,Mainline,N,6972
1118537,32.848758,-117.235323,11,San Diego,I5-N,4,Mainline,N,6973
1114296,32.855148,-117.231251,11,San Diego,I5-N,4,Mainline,N,6974
1118544,32.86451,-117.229736,11,San Diego,I5-N,4,Mainline,N,6975
1108719,32.87153,-117.229139,11,San Diego,I5-N,4,Mainline,N,6976
1123086,32.888657,-117.227453,11,San Diego,I5-N,4,Mainline,N,6977
1123087,32.888676,-117.2277,11,San Diego,I5-N,4,Mainline,N,6978
1122536,32.911944,-117.228498,11,San Diego,I5-N,6,Mainline,N,6979
1118170,32.918887,-117.235544,11,San Diego,I5-N,4,Mainline,N,6980
1122552,32.918909,-117.235565,11,San Diego,I5-N,5,Mainline,N,6981
1122575,32.925983,-117.23942,11,San Diego,I5-N,6,Mainline,N,6982
1108437,32.932244,-117.241031,11,San Diego,I5-N,4,Mainline,N,6983
1115277,32.932271,-117.241036,11,San Diego,I5-N,2,Mainline,N,6984
1119828,32.943477,-117.242328,11,San Diego,I5-N,4,Mainline,N,6985
1108507,32.950106,-117.243571,11,San Diego,I5-N,5,Mainline,N,6986
1119679,32.962322,-117.246309,11,San Diego,I5-N,5,Mainline,N,6987
1119850,32.969013,-117.248831,11,San Diego,I5-N,5,Mainline,N,6988
1108509,32.979357,-117.252719,11,San Diego,I5-N,4,Mainline,N,6989
1126614,32.987715,-117.255119,11,San Diego,I5-N,5,Mainline,N,6990
1108512,32.995494,-117.25635,11,San Diego,I5-N,4,Mainline,N,6991
1119659,33.017612,-117.27184,11,San Diego,I5-N,4,Mainline,N,6992
1122507,33.027309,-117.275242,11,San Diego,I5-N,4,Mainline,N,6993
1119865,33.035624,-117.280848,11,San Diego,I5-N,4,Mainline,N,6994
1125314,33.037208,-117.281927,11,San Diego,I5-N,4,Mainline,N,6995
1119871,33.044769,-117.285978,11,San Diego,I5-N,4,Mainline,N,6996
1122512,33.048098,-117.286976,11,San Diego,I5-N,4,Mainline,N,6997
1119879,33.055577,-117.289125,11,San Diego,I5-N,4,Mainline,N,6998
1108651,33.064668,-117.291997,11,San Diego,I5-N,4,Mainline,N,6999
1119890,33.073419,-117.294587,11,San Diego,I5-N,4,Mainline,N,7000
1108663,33.086077,-117.299048,11,San Diego,I5-N,4,Mainline,N,7001
1119903,33.09232,-117.303146,11,San Diego,I5-N,4,Mainline,N,7002
1108682,33.103602,-117.310425,11,San Diego,I5-N,4,Mainline,N,7003
1119921,33.115949,-117.31811,11,San Diego,I5-N,4,Mainline,N,7004
1108687,33.12394,-117.32296,11,San Diego,I5-N,4,Mainline,N,7005
1108659,33.136145,-117.330076,11,San Diego,I5-N,4,Mainline,N,7006
1119928,33.142807,-117.333209,11,San Diego,I5-N,4,Mainline,N,7007
1119934,33.155404,-117.338099,11,San Diego,I5-N,4,Mainline,N,7008
1119941,33.167741,-117.344387,11,San Diego,I5-N,4,Mainline,N,7009
1119947,33.173355,-117.348324,11,San Diego,I5-N,4,Mainline,N,7010
1115289,33.179859,-117.353416,11,San Diego,I5-N,6,Mainline,N,7011
1115304,33.191415,-117.363042,11,San Diego,I5-N,4,Mainline,N,7012
1115306,33.200816,-117.373244,11,San Diego,I5-N,4,Mainline,N,7013
1115314,33.203683,-117.381192,11,San Diego,I5-N,4,Mainline,N,7014
1115323,33.211043,-117.38743,11,San Diego,I5-N,4,Mainline,N,7015
1119960,33.224874,-117.393754,11,San Diego,I5-N,4,Mainline,N,7016
1119972,33.236554,-117.40592,11,San Diego,I5-N,4,Mainline,N,7017
1119984,33.246111,-117.417364,11,San Diego,I5-N,4,Mainline,N,7018
1119990,33.25805,-117.426272,11,San Diego,I5-N,4,Mainline,N,7019
1121692,33.281567,-117.449193,11,San Diego,I5-N,4,Mainline,N,7020
1121707,33.303917,-117.470642,11,San Diego,I5-N,4,Mainline,N,7021
1121715,33.336526,-117.503236,11,San Diego,I5-N,4,Mainline,N,7022
1121724,33.363,-117.540497,11,San Diego,I5-N,4,Mainline,N,7023
1121731,33.383518,-117.577735,11,San Diego,I5-N,4,Mainline,N,7024
1121737,33.393542,-117.591561,11,San Diego,I5-N,4,Mainline,N,7025
1114228,32.544296,-117.032738,11,San Diego,I5-S,6,Mainline,S,7026
1118326,32.551447,-117.045806,11,San Diego,I5-S,4,Mainline,S,7027
1118341,32.558188,-117.061806,11,San Diego,I5-S,4,Mainline,S,7028
1114721,32.561106,-117.067228,11,San Diego,I5-S,4,Mainline,S,7029
1118365,32.568952,-117.076731,11,San Diego,I5-S,4,Mainline,S,7030
1118372,32.576983,-117.083123,11,San Diego,I5-S,4,Mainline,S,7031
1118379,32.584267,-117.087224,11,San Diego,I5-S,4,Mainline,S,7032
1118695,32.59507,-117.088901,11,San Diego,I5-S,4,Mainline,S,7033
1123133,32.595115,-117.088642,11,San Diego,I5-S,4,Mainline,S,7034
1120356,32.613849,-117.091173,11,San Diego,I5-S,3,Mainline,S,7035
1118413,32.621946,-117.093171,11,San Diego,I5-S,4,Mainline,S,7036
1118428,32.630458,-117.096492,11,San Diego,I5-S,4,Mainline,S,7037
1118472,32.67696,-117.109463,11,San Diego,I5-S,4,Mainline,S,7038
1118442,32.639695,-117.100165,11,San Diego,I5-S,4,Mainline,S,7039
1122601,32.639722,-117.100176,11,San Diego,I5-S,5,Mainline,S,7040
1114240,32.658893,-117.107675,11,San Diego,I5-S,4,Mainline,S,7041
1118465,32.671761,-117.111234,11,San Diego,I5-S,4,Mainline,S,7042
1114254,32.686001,-117.113072,11,San Diego,I5-S,5,Mainline,S,7043
1118076,32.688779,-117.116159,11,San Diego,I5-S,4,Mainline,S,7044
1117755,32.694358,-117.129467,11,San Diego,I5-S,4,Mainline,S,7045
1114268,32.69574,-117.135196,11,San Diego,I5-S,5,Mainline,S,7046
1117774,32.7062,-117.147722,11,San Diego,I5-S,4,Mainline,S,7047
1117789,32.712581,-117.147751,11,San Diego,I5-S,4,Mainline,S,7048
1117810,32.718001,-117.147844,11,San Diego,I5-S,4,Mainline,S,7049
1117683,32.723795,-117.151061,11,San Diego,I5-S,6,Mainline,S,7050
1108417,32.723898,-117.156068,11,San Diego,I5-S,5,Mainline,S,7051
1117734,32.725281,-117.166084,11,San Diego,I5-S,4,Mainline,S,7052
1108605,32.731834,-117.171905,11,San Diego,I5-S,5,Mainline,S,7053
1118702,32.731858,-117.171925,11,San Diego,I5-S,4,Mainline,S,7054
1108609,32.741281,-117.180454,11,San Diego,I5-S,4,Mainline,S,7055
1117871,32.743425,-117.1848,11,San Diego,I5-S,5,Mainline,S,7056
1108615,32.746784,-117.191904,11,San Diego,I5-S,5,Mainline,S,7057
1117818,32.749919,-117.196234,11,San Diego,I5-S,5,Mainline,S,7058
1126426,32.768531,-117.206423,11,San Diego,I5-S,5,Mainline,S,7059
1114806,32.779286,-117.2086,11,San Diego,I5-S,5,Mainline,S,7060
1108711,32.788012,-117.207155,11,San Diego,I5-S,5,Mainline,S,7061
1108693,32.800051,-117.211487,11,San Diego,I5-S,4,Mainline,S,7062
1119307,32.807702,-117.216754,11,San Diego,I5-S,4,Mainline,S,7063
1118529,32.815542,-117.222956,11,San Diego,I5-S,5,Mainline,S,7064
1108667,32.836089,-117.234107,11,San Diego,I5-S,4,Mainline,S,7065
1119817,32.842472,-117.23661,11,San Diego,I5-S,4,Mainline,S,7066
1108669,32.848532,-117.235725,11,San Diego,I5-S,4,Mainline,S,7067
1108452,32.864527,-117.230028,11,San Diego,I5-S,4,Mainline,S,7068
1108498,32.87259,-117.229295,11,San Diego,I5-S,4,Mainline,S,7069
1122544,32.911761,-117.228812,11,San Diego,I5-S,6,Mainline,S,7070
1120754,32.91625,-117.232541,11,San Diego,I5-S,4,Mainline,S,7071
1122567,32.918817,-117.235742,11,San Diego,I5-S,4,Mainline,S,7072
1122560,32.918796,-117.235719,11,San Diego,I5-S,4,Mainline,S,7073
1122583,32.925907,-117.239661,11,San Diego,I5-S,5,Mainline,S,7074
1108434,32.930855,-117.241058,11,San Diego,I5-S,4,Mainline,S,7075
1119834,32.943442,-117.242594,11,San Diego,I5-S,4,Mainline,S,7076
1119528,32.952468,-117.244298,11,San Diego,I5-S,5,Mainline,S,7077
1119842,32.96573,-117.247857,11,San Diego,I5-S,5,Mainline,S,7078
1108468,32.979936,-117.253246,11,San Diego,I5-S,4,Mainline,S,7079
1108471,32.995868,-117.256708,11,San Diego,I5-S,4,Mainline,S,7080
1119653,33.005424,-117.259314,11,San Diego,I5-S,5,Mainline,S,7081
1108473,33.010653,-117.26524,11,San Diego,I5-S,4,Mainline,S,7082
1119666,33.017512,-117.272059,11,San Diego,I5-S,4,Mainline,S,7083
1108475,33.02625,-117.274915,11,San Diego,I5-S,4,Mainline,S,7084
1108477,33.036347,-117.281649,11,San Diego,I5-S,4,Mainline,S,7085
1108479,33.048438,-117.287351,11,San Diego,I5-S,4,Mainline,S,7086
1119877,33.055523,-117.289401,11,San Diego,I5-S,4,Mainline,S,7087
1108723,33.064772,-117.292309,11,San Diego,I5-S,4,Mainline,S,7088
1119897,33.073371,-117.294873,11,San Diego,I5-S,4,Mainline,S,7089
1108725,33.080188,-117.296877,11,San Diego,I5-S,4,Mainline,S,7090
1119909,33.092248,-117.303383,11,San Diego,I5-S,4,Mainline,S,7091
1108680,33.101626,-117.309439,11,San Diego,I5-S,4,Mainline,S,7092
1119915,33.112683,-117.316473,11,San Diego,I5-S,4,Mainline,S,7093
1108685,33.122973,-117.322702,11,San Diego,I5-S,4,Mainline,S,7094
1108661,33.134215,-117.329382,11,San Diego,I5-S,4,Mainline,S,7095
1108560,33.151704,-117.336331,11,San Diego,I5-S,4,Mainline,S,7096
1108657,33.162818,-117.342266,11,San Diego,I5-S,4,Mainline,S,7097
1108463,33.17092,-117.346811,11,San Diego,I5-S,4,Mainline,S,7098
1108461,33.179734,-117.353651,11,San Diego,I5-S,4,Mainline,S,7099
1108459,33.191277,-117.363281,11,San Diego,I5-S,4,Mainline,S,7100
1108672,33.200618,-117.373434,11,San Diego,I5-S,4,Mainline,S,7101
1115348,33.203488,-117.381365,11,San Diego,I5-S,4,Mainline,S,7102
1122257,33.210909,-117.387715,11,San Diego,I5-S,4,Mainline,S,7103
1119954,33.218567,-117.391109,11,San Diego,I5-S,4,Mainline,S,7104
1119966,33.230196,-117.400904,11,San Diego,I5-S,4,Mainline,S,7105
1119978,33.240152,-117.413376,11,San Diego,I5-S,4,Mainline,S,7106
1119997,33.257953,-117.426547,11,San Diego,I5-S,4,Mainline,S,7107
1121702,33.28144,-117.449446,11,San Diego,I5-S,4,Mainline,S,7108
1121712,33.303834,-117.470867,11,San Diego,I5-S,4,Mainline,S,7109
1121722,33.336536,-117.503249,11,San Diego,I5-S,4,Mainline,S,7110
1121734,33.383349,-117.578043,11,San Diego,I5-S,4,Mainline,S,7111
1111514,32.759905,-117.198791,11,San Diego,I8-E,2,Mainline,E,7112
1108728,32.756842,-117.223737,11,San Diego,I8-E,2,Mainline,E,7113
1114540,32.758771,-117.210396,11,San Diego,I8-E,4,Mainline,E,7114
1113486,32.75974,-117.199699,11,San Diego,I8-E,2,Mainline,E,7115
1115356,32.760503,-117.195181,11,San Diego,I8-E,5,Mainline,E,7116
1115413,32.759721,-117.188602,11,San Diego,I8-E,5,Mainline,E,7117
1115432,32.759211,-117.179602,11,San Diego,I8-E,4,Mainline,E,7118
1115438,32.760171,-117.170959,11,San Diego,I8-E,4,Mainline,E,7119
1111551,32.761944,-117.164553,11,San Diego,I8-E,4,Mainline,E,7120
1115420,32.76311,-117.162041,11,San Diego,I8-E,4,Mainline,E,7121
1115426,32.764658,-117.156329,11,San Diego,I8-E,4,Mainline,E,7122
1111566,32.765477,-117.153086,11,San Diego,I8-E,5,Mainline,E,7123
1115444,32.767848,-117.1448,11,San Diego,I8-E,5,Mainline,E,7124
1116783,32.770269,-117.137788,11,San Diego,I8-E,4,Mainline,E,7125
1111565,32.772891,-117.128096,11,San Diego,I8-E,4,Mainline,E,7126
1111549,32.774983,-117.124175,11,San Diego,I8-E,6,Mainline,E,7127
1115450,32.778557,-117.109532,11,San Diego,I8-E,4,Mainline,E,7128
1108366,32.778944,-117.101735,11,San Diego,I8-E,4,Mainline,E,7129
1118752,32.773562,-117.031003,11,San Diego,I8-E,5,Mainline,E,7130
1111564,32.777453,-117.056127,11,San Diego,I8-E,5,Mainline,E,7131
1114573,32.779817,-117.079742,11,San Diego,I8-E,5,Mainline,E,7132
1111535,32.778355,-117.001957,11,San Diego,I8-E,4,Mainline,E,7133
1111534,32.773859,-117.013732,11,San Diego,I8-E,4,Mainline,E,7134
1115463,32.778941,-116.990052,11,San Diego,I8-E,6,Mainline,E,7135
1111530,32.801971,-116.972858,11,San Diego,I8-E,5,Mainline,E,7136
1111532,32.779621,-116.983478,11,San Diego,I8-E,4,Mainline,E,7137
1111531,32.79398,-116.977186,11,San Diego,I8-E,4,Mainline,E,7138
1122637,32.803159,-116.95746,11,San Diego,I8-E,3,Mainline,E,7139
1122636,32.802954,-116.957448,11,San Diego,I8-E,3,Mainline,E,7140
1122645,32.802955,-116.943342,11,San Diego,I8-E,3,Mainline,E,7141
1122646,32.803158,-116.943342,11,San Diego,I8-E,3,Mainline,E,7142
1115620,32.815497,-116.914192,11,San Diego,I8-E,2,Mainline,E,7143
1115477,32.815375,-116.913932,11,San Diego,I8-E,2,Mainline,E,7144
1116593,32.819668,-116.910225,11,San Diego,I8-E,2,Mainline,E,7145
1116594,32.819741,-116.910514,11,San Diego,I8-E,2,Mainline,E,7146
1115624,32.829499,-116.899603,11,San Diego,I8-E,2,Mainline,E,7147
1115486,32.829342,-116.899444,11,San Diego,I8-E,2,Mainline,E,7148
1115490,32.839494,-116.888214,11,San Diego,I8-E,2,Mainline,E,7149
1115628,32.839643,-116.888393,11,San Diego,I8-E,2,Mainline,E,7150
1114546,32.759094,-117.210321,11,San Diego,I8-W,4,Mainline,W,7151
1116574,32.759919,-117.199637,11,San Diego,I8-W,2,Mainline,W,7152
1115528,32.760688,-117.195193,11,San Diego,I8-W,5,Mainline,W,7153
1115517,32.75994,-117.188706,11,San Diego,I8-W,5,Mainline,W,7154
1115555,32.759396,-117.178868,11,San Diego,I8-W,5,Mainline,W,7155
1115565,32.760399,-117.170717,11,San Diego,I8-W,5,Mainline,W,7156
1111552,32.762079,-117.164639,11,San Diego,I8-W,4,Mainline,W,7157
1116165,32.763216,-117.162209,11,San Diego,I8-W,3,Mainline,W,7158
1115548,32.764805,-117.156607,11,San Diego,I8-W,4,Mainline,W,7159
1111540,32.765611,-117.153352,11,San Diego,I8-W,5,Mainline,W,7160
1115572,32.768025,-117.145039,11,San Diego,I8-W,5,Mainline,W,7161
1111541,32.77049,-117.137833,11,San Diego,I8-W,4,Mainline,W,7162
1115578,32.773122,-117.128233,11,San Diego,I8-W,4,Mainline,W,7163
1111550,32.775258,-117.124378,11,San Diego,I8-W,6,Mainline,W,7164
1122623,32.777003,-117.121375,11,San Diego,I8-W,6,Mainline,W,7165
1115584,32.778744,-117.10951,11,San Diego,I8-W,4,Mainline,W,7166
1115592,32.7793,-117.100823,11,San Diego,I8-W,6,Mainline,W,7167
1115600,32.780251,-117.095003,11,San Diego,I8-W,6,Mainline,W,7168
1127052,32.780008,-117.094988,11,San Diego,I8-W,6,Mainline,W,7169
1118760,32.778313,-117.059444,11,San Diego,I8-W,5,Mainline,W,7170
1108333,32.777651,-117.056226,11,San Diego,I8-W,2,Mainline,W,7171
1127026,32.774956,-117.010577,11,San Diego,I8-W,5,Mainline,W,7172
1118767,32.775159,-117.010686,11,San Diego,I8-W,4,Mainline,W,7173
1108341,32.778547,-117.002027,11,San Diego,I8-W,4,Mainline,W,7174
1108343,32.771107,-117.023752,11,San Diego,I8-W,4,Mainline,W,7175
1108345,32.774158,-117.013463,11,San Diego,I8-W,5,Mainline,W,7176
1108423,32.77719,-117.005007,11,San Diego,I8-W,4,Mainline,W,7177
1108347,32.778899,-117.001223,11,San Diego,I8-W,4,Mainline,W,7178
1115608,32.779188,-116.989808,11,San Diego,I8-W,6,Mainline,W,7179
1108385,32.802066,-116.973297,11,San Diego,I8-W,4,Mainline,W,7180
1108351,32.779945,-116.983405,11,San Diego,I8-W,4,Mainline,W,7181
1108356,32.803161,-116.951206,11,San Diego,I8-W,3,Mainline,W,7182
1111561,32.802945,-116.951191,11,San Diego,I8-W,3,Mainline,W,7183
1108387,32.803133,-116.964952,11,San Diego,I8-W,3,Mainline,W,7184
1108353,32.793962,-116.97744,11,San Diego,I8-W,4,Mainline,W,7185
1111563,32.80296,-116.936227,11,San Diego,I8-W,3,Mainline,W,7186
1108358,32.803169,-116.936214,11,San Diego,I8-W,2,Mainline,W,7187
1115612,32.80321,-116.927288,11,San Diego,I8-W,2,Mainline,W,7188
1115537,32.802942,-116.927363,11,San Diego,I8-W,3,Mainline,W,7189
1115616,32.805455,-116.921611,11,San Diego,I8-W,2,Mainline,W,7190
1115541,32.805288,-116.921513,11,San Diego,I8-W,3,Mainline,W,7191
1111569,32.829874,-116.89872,11,San Diego,I8-W,2,Mainline,W,7192
1108389,32.810302,-116.918188,11,San Diego,I8-W,2,Mainline,W,7193
1108419,32.82544,-116.905031,11,San Diego,I8-W,2,Mainline,W,7194
1111575,32.825277,-116.904782,11,San Diego,I8-W,2,Mainline,W,7195
1113364,32.844556,-116.880704,11,San Diego,I8-W,2,Mainline,W,7196
1108421,32.84483,-116.880828,11,San Diego,I8-W,2,Mainline,W,7197
1126484,32.563648,-116.949472,11,San Diego,SR11-E,2,Mainline,E,7198
1126497,32.564398,-116.949606,11,San Diego,SR11-W,2,Mainline,W,7199
1126505,32.564077,-116.942823,11,San Diego,SR11-W,2,Mainline,W,7200
1126517,32.564034,-116.938179,11,San Diego,SR11-W,2,Mainline,W,7201
1119689,32.701162,-117.120639,11,San Diego,I15-N,4,Mainline,N,7202
1119694,32.705882,-117.120433,11,San Diego,I15-N,3,Mainline,N,7203
1119808,32.723273,-117.115525,11,San Diego,I15-N,3,Mainline,N,7204
1118886,32.723255,-117.115308,11,San Diego,I15-N,3,Mainline,N,7205
1123114,32.74312,-117.111361,11,San Diego,I15-N,5,Mainline,N,7206
1118923,32.743033,-117.110934,11,San Diego,I15-N,5,Mainline,N,7207
1108747,32.749887,-117.10858,11,San Diego,I15-N,5,Mainline,N,7208
1108749,32.755505,-117.108629,11,San Diego,I15-N,4,Mainline,N,7209
1108751,32.763381,-117.109091,11,San Diego,I15-N,4,Mainline,N,7210
1119715,32.765981,-117.110045,11,San Diego,I15-N,5,Mainline,N,7211
1117890,32.786224,-117.114171,11,San Diego,I15-N,4,Mainline,N,7212
1108676,32.780507,-117.112857,11,San Diego,I15-N,4,Mainline,N,7213
1108528,32.790215,-117.112989,11,San Diego,I15-N,4,Mainline,N,7214
1114044,32.79893,-117.112299,11,San Diego,I15-N,5,Mainline,N,7215
1115649,32.803162,-117.112748,11,San Diego,I15-N,5,Mainline,N,7216
1108655,32.809942,-117.113787,11,San Diego,I15-N,4,Mainline,N,7217
1115656,32.814701,-117.114537,11,San Diego,I15-N,5,Mainline,N,7218
1108531,32.82201,-117.116084,11,San Diego,I15-N,4,Mainline,N,7219
1115663,32.8276,-117.117266,11,San Diego,I15-N,5,Mainline,N,7220
1108534,32.833224,-117.118598,11,San Diego,I15-N,4,Mainline,N,7221
1115672,32.842596,-117.119997,11,San Diego,I15-N,4,Mainline,N,7222
1115713,32.848411,-117.116636,11,San Diego,I15-N,5,Mainline,N,7223
1120611,32.862995,-117.110269,11,San Diego,I15-N,8,Mainline,N,7224
1115721,32.868194,-117.107817,11,San Diego,I15-N,7,Mainline,N,7225
1117909,32.874869,-117.10687,11,San Diego,I15-N,6,Mainline,N,7226
1108536,32.87967,-117.107922,11,San Diego,I15-N,6,Mainline,N,7227
1122469,32.887474,-117.112061,11,San Diego,I15-N,7,Mainline,N,7228
1120167,32.893038,-117.114823,11,San Diego,I15-N,6,Mainline,N,7229
1108439,32.903468,-117.116195,11,San Diego,I15-N,6,Mainline,N,7230
1115739,32.908922,-117.116195,11,San Diego,I15-N,6,Mainline,N,7231
1108415,32.917072,-117.115831,11,San Diego,I15-N,5,Mainline,N,7232
1115749,32.925766,-117.114149,11,San Diego,I15-N,6,Mainline,N,7233
1108717,32.93588,-117.111337,11,San Diego,I15-N,5,Mainline,N,7234
1108585,32.947622,-117.106116,11,San Diego,I15-N,5,Mainline,N,7235
1122487,32.952937,-117.102548,11,San Diego,I15-N,5,Mainline,N,7236
1113985,32.964306,-117.095374,11,San Diego,I15-N,5,Mainline,N,7237
1123003,32.972191,-117.090848,11,San Diego,I15-N,6,Mainline,N,7238
1123002,32.972061,-117.090496,11,San Diego,I15-N,7,Mainline,N,7239
1108590,32.978838,-117.086204,11,San Diego,I15-N,5,Mainline,N,7240
1123029,32.985041,-117.082852,11,San Diego,I15-N,6,Mainline,N,7241
1123031,32.985192,-117.083216,11,San Diego,I15-N,6,Mainline,N,7242
1108592,32.999461,-117.082451,11,San Diego,I15-N,5,Mainline,N,7243
1120994,33.004858,-117.080707,11,San Diego,I15-N,6,Mainline,N,7244
1121001,33.004968,-117.081057,11,San Diego,I15-N,6,Mainline,N,7245
1108597,33.013247,-117.079485,11,San Diego,I15-N,5,Mainline,N,7246
1121037,33.017302,-117.079039,11,San Diego,I15-N,6,Mainline,N,7247
1121038,33.017337,-117.079473,11,San Diego,I15-N,5,Mainline,N,7248
1108595,33.024581,-117.078628,11,San Diego,I15-N,5,Mainline,N,7249
1121105,33.041744,-117.074397,11,San Diego,I15-N,5,Mainline,N,7250
1121099,33.041631,-117.074011,11,San Diego,I15-N,6,Mainline,N,7251
1108562,33.055354,-117.071497,11,San Diego,I15-N,5,Mainline,N,7252
1108767,33.067915,-117.069049,11,San Diego,I15-N,4,Mainline,N,7253
1125872,33.086753,-117.076377,11,San Diego,I15-N,5,Mainline,N,7254
1108769,33.092857,-117.082787,11,San Diego,I15-N,5,Mainline,N,7255
1125886,33.100535,-117.090041,11,San Diego,I15-N,5,Mainline,N,7256
1108771,33.109772,-117.095518,11,San Diego,I15-N,5,Mainline,N,7257
1108773,33.116398,-117.099391,11,San Diego,I15-N,6,Mainline,N,7258
1119736,33.125282,-117.104135,11,San Diego,I15-N,4,Mainline,N,7259
1119743,33.142901,-117.104509,11,San Diego,I15-N,4,Mainline,N,7260
1119749,33.15709,-117.104039,11,San Diego,I15-N,4,Mainline,N,7261
1119762,33.166377,-117.10773,11,San Diego,I15-N,4,Mainline,N,7262
1126812,33.166231,-117.10807,11,San Diego,I15-N,4,Mainline,N,7263
1119774,33.178414,-117.114712,11,San Diego,I15-N,4,Mainline,N,7264
1119780,33.192903,-117.122965,11,San Diego,I15-N,4,Mainline,N,7265
1121751,33.317188,-117.153998,11,San Diego,I15-N,4,Mainline,N,7266
1127045,33.332408,-117.157839,11,San Diego,I15-N,4,Mainline,N,7267
1121757,33.357444,-117.158725,11,San Diego,I15-N,4,Mainline,N,7268
1126722,33.357354,-117.159131,11,San Diego,I15-N,4,Mainline,N,7269
1121763,33.406738,-117.164546,11,San Diego,I15-N,4,Mainline,N,7270
1119683,32.701146,-117.120937,11,San Diego,I15-S,2,Mainline,S,7271
1122942,32.716837,-117.117751,11,San Diego,I15-S,3,Mainline,S,7272
1117920,32.715149,-117.117869,11,San Diego,I15-S,2,Mainline,S,7273
1123165,32.733487,-117.111847,11,San Diego,I15-S,3,Mainline,S,7274
1118900,32.733539,-117.11215,11,San Diego,I15-S,3,Mainline,S,7275
1108753,32.748042,-117.109034,11,San Diego,I15-S,4,Mainline,S,7276
1108755,32.754476,-117.108977,11,San Diego,I15-S,5,Mainline,S,7277
1108757,32.761617,-117.109257,11,San Diego,I15-S,5,Mainline,S,7278
1119707,32.765834,-117.110379,11,San Diego,I15-S,5,Mainline,S,7279
1115763,32.786062,-117.114472,11,San Diego,I15-S,4,Mainline,S,7280
1117931,32.786249,-117.114457,11,San Diego,I15-S,6,Mainline,S,7281
1108715,32.800345,-117.112825,11,San Diego,I15-S,5,Mainline,S,7282
1115771,32.803081,-117.113175,11,San Diego,I15-S,5,Mainline,S,7283
1108465,32.809906,-117.114188,11,San Diego,I15-S,4,Mainline,S,7284
1115779,32.814606,-117.114981,11,San Diego,I15-S,5,Mainline,S,7285
1108523,32.822271,-117.116575,11,San Diego,I15-S,4,Mainline,S,7286
1115787,32.827529,-117.117732,11,San Diego,I15-S,5,Mainline,S,7287
1108521,32.832989,-117.118962,11,San Diego,I15-S,4,Mainline,S,7288
1115794,32.842604,-117.120583,11,San Diego,I15-S,5,Mainline,S,7289
1115802,32.84837,-117.117157,11,San Diego,I15-S,5,Mainline,S,7290
1115811,32.868138,-117.10851,11,San Diego,I15-S,8,Mainline,S,7291
1117899,32.874797,-117.107576,11,San Diego,I15-S,6,Mainline,S,7292
1108607,32.881993,-117.109567,11,San Diego,I15-S,6,Mainline,S,7293
1115820,32.886392,-117.112102,11,San Diego,I15-S,6,Mainline,S,7294
1122272,32.891265,-117.114689,11,San Diego,I15-S,6,Mainline,S,7295
1108495,32.894088,-117.115721,11,San Diego,I15-S,6,Mainline,S,7296
1122479,32.908916,-117.116587,11,San Diego,I15-S,7,Mainline,S,7297
1108491,32.917445,-117.116153,11,San Diego,I15-S,5,Mainline,S,7298
1115838,32.92585,-117.114677,11,San Diego,I15-S,6,Mainline,S,7299
1108450,32.935515,-117.111886,11,San Diego,I15-S,5,Mainline,S,7300
1108489,32.949064,-117.105522,11,San Diego,I15-S,5,Mainline,S,7301
1122494,32.952945,-117.102968,11,San Diego,I15-S,6,Mainline,S,7302
1108429,32.959072,-117.099452,11,San Diego,I15-S,5,Mainline,S,7303
1123030,32.992706,-117.083408,11,San Diego,I15-S,6,Mainline,S,7304
1123006,32.992818,-117.083901,11,San Diego,I15-S,7,Mainline,S,7305
1108425,32.996577,-117.083687,11,San Diego,I15-S,5,Mainline,S,7306
1108519,33.010949,-117.08016,11,San Diego,I15-S,5,Mainline,S,7307
1108538,33.024783,-117.079,11,San Diego,I15-S,5,Mainline,S,7308
1121034,33.034506,-117.077429,11,San Diego,I15-S,5,Mainline,S,7309
1121035,33.03442,-117.077018,11,San Diego,I15-S,5,Mainline,S,7310
1121131,33.0503,-117.072669,11,San Diego,I15-S,5,Mainline,S,7311
1121125,33.050388,-117.073047,11,San Diego,I15-S,5,Mainline,S,7312
1108541,33.053304,-117.072601,11,San Diego,I15-S,5,Mainline,S,7313
1121112,33.061597,-117.06932,11,San Diego,I15-S,5,Mainline,S,7314
1121118,33.061591,-117.068995,11,San Diego,I15-S,5,Mainline,S,7315
1108543,33.069784,-117.069615,11,San Diego,I15-S,4,Mainline,S,7316
1121066,33.074031,-117.070369,11,San Diego,I15-S,5,Mainline,S,7317
1108545,33.08147,-117.072744,11,San Diego,I15-S,4,Mainline,S,7318
1125865,33.086691,-117.076716,11,San Diego,I15-S,4,Mainline,S,7319
1108516,33.090473,-117.080791,11,San Diego,I15-S,4,Mainline,S,7320
1125879,33.100505,-117.090366,11,San Diego,I15-S,5,Mainline,S,7321
1108558,33.106484,-117.093924,11,San Diego,I15-S,4,Mainline,S,7322
1108556,33.116146,-117.099574,11,San Diego,I15-S,5,Mainline,S,7323
1125265,33.125235,-117.104439,11,San Diego,I15-S,4,Mainline,S,7324
1108554,33.144465,-117.104762,11,San Diego,I15-S,4,Mainline,S,7325
1119756,33.157067,-117.104348,11,San Diego,I15-S,4,Mainline,S,7326
1119768,33.178265,-117.114973,11,San Diego,I15-S,4,Mainline,S,7327
1121748,33.232597,-117.147394,11,San Diego,I15-S,4,Mainline,S,7328
1118557,32.841387,-117.218311,11,San Diego,SR52-E,2,Mainline,E,7329
1118567,32.846717,-117.204307,11,San Diego,SR52-E,2,Mainline,E,7330
1114141,32.846153,-117.18848,11,San Diego,SR52-E,3,Mainline,E,7331
1118575,32.839837,-117.162111,11,San Diego,SR52-E,4,Mainline,E,7332
1118636,32.841627,-117.122598,11,San Diego,SR52-E,3,Mainline,E,7333
1121774,32.841719,-117.112297,11,San Diego,SR52-E,3,Mainline,E,7334
1121794,32.850297,-117.073164,11,San Diego,SR52-E,3,Mainline,E,7335
1126575,32.854113,-117.055734,11,San Diego,SR52-E,3,Mainline,E,7336
1114520,32.853811,-117.055777,11,San Diego,SR52-E,3,Mainline,E,7337
1121806,32.853151,-117.051554,11,San Diego,SR52-E,3,Mainline,E,7338
1126770,32.853459,-117.051468,11,San Diego,SR52-E,3,Mainline,E,7339
1114529,32.851233,-117.038885,11,San Diego,SR52-E,3,Mainline,E,7340
1114511,32.835925,-117.015497,11,San Diego,SR52-E,2,Mainline,E,7341
1114162,32.838567,-117.234392,11,San Diego,SR52-W,3,Mainline,W,7342
1126257,32.837451,-117.234727,11,San Diego,SR52-W,3,Mainline,W,7343
1118552,32.841671,-117.218491,11,San Diego,SR52-W,2,Mainline,W,7344
1118562,32.847046,-117.204305,11,San Diego,SR52-W,2,Mainline,W,7345
1114166,32.846483,-117.188458,11,San Diego,SR52-W,2,Mainline,W,7346
1121771,32.847199,-117.17441,11,San Diego,SR52-W,2,Mainline,W,7347
1118591,32.840096,-117.162115,11,San Diego,SR52-W,4,Mainline,W,7348
1114177,32.840942,-117.133738,11,San Diego,SR52-W,4,Mainline,W,7349
1118630,32.841898,-117.122619,11,San Diego,SR52-W,4,Mainline,W,7350
1126253,32.842684,-117.087957,11,San Diego,SR52-W,3,Mainline,W,7351
1121783,32.842947,-117.087962,11,San Diego,SR52-W,3,Mainline,W,7352
1126587,32.848323,-117.075685,11,San Diego,SR52-W,3,Mainline,W,7353
1121803,32.853857,-117.067876,11,San Diego,SR52-W,3,Mainline,W,7354
1126583,32.848883,-117.030492,11,San Diego,SR52-W,3,Mainline,W,7355
1121815,32.849108,-117.030286,11,San Diego,SR52-W,3,Mainline,W,7356
1111527,32.843588,-117.025315,11,San Diego,SR52-W,2,Mainline,W,7357
1111526,32.84345,-117.025624,11,San Diego,SR52-W,2,Mainline,W,7358
1114515,32.851931,-117.041345,11,San Diego,SR52-W,2,Mainline,W,7359
1108689,32.664009,-117.057617,11,San Diego,SR54-E,3,Mainline,E,7360
1108731,32.674057,-117.038294,11,San Diego,SR54-E,3,Mainline,E,7361
1108733,32.682203,-117.029012,11,San Diego,SR54-E,3,Mainline,E,7362
1108691,32.664368,-117.057402,11,San Diego,SR54-W,3,Mainline,W,7363
1108735,32.671672,-117.041389,11,San Diego,SR54-W,3,Mainline,W,7364
1108737,32.679441,-117.033088,11,San Diego,SR54-W,3,Mainline,W,7365
1125207,32.958196,-117.152094,11,San Diego,SR56-E,2,Mainline,E,7366
1125201,32.956215,-117.119934,11,San Diego,SR56-E,3,Mainline,E,7367
1125559,32.958444,-117.113436,11,San Diego,SR56-E,2,Mainline,E,7368
1125737,32.950976,-117.197404,11,San Diego,SR56-E,2,Mainline,E,7369
1125527,32.962525,-117.101272,11,San Diego,SR56-E,2,Mainline,E,7370
1108741,32.944548,-117.21295,11,San Diego,SR56-E,2,Mainline,E,7371
1125733,32.960096,-117.155172,11,San Diego,SR56-E,2,Mainline,E,7372
1108739,32.937845,-117.226663,11,San Diego,SR56-E,3,Mainline,E,7373
1125689,32.934775,-117.235209,11,San Diego,SR56-E,3,Mainline,E,7374
1113740,32.952425,-117.193019,11,San Diego,SR56-E,2,Mainline,E,7375
1125668,32.940727,-117.220084,11,San Diego,SR56-E,3,Mainline,E,7376
1125721,32.965955,-117.177396,11,San Diego,SR56-E,2,Mainline,E,7377
1125610,32.953397,-117.13337,11,San Diego,SR56-E,3,Mainline,E,7378
1125531,32.962672,-117.101859,11,San Diego,SR56-W,2,Mainline,W,7379
1126292,32.953681,-117.133374,11,San Diego,SR56-W,2,Mainline,W,7380
1125631,32.952754,-117.193087,11,San Diego,SR56-W,2,Mainline,W,7381
1125672,32.940106,-117.221888,11,San Diego,SR56-W,3,Mainline,W,7382
1125219,32.958567,-117.152079,11,San Diego,SR56-W,2,Mainline,W,7383
1125546,32.958653,-117.113729,11,San Diego,SR56-W,2,Mainline,W,7384
1113720,32.951299,-117.197463,11,San Diego,SR56-W,2,Mainline,W,7385
1113760,32.960479,-117.155182,11,San Diego,SR56-W,2,Mainline,W,7386
1125575,32.954374,-117.128361,11,San Diego,SR56-W,2,Mainline,W,7387
1108743,32.937679,-117.228154,11,San Diego,SR56-W,2,Mainline,W,7388
1113771,32.966186,-117.177595,11,San Diego,SR56-W,2,Mainline,W,7389
1112989,33.180264,-117.345296,11,San Diego,SR78-E,4,Mainline,E,7390
1119414,33.181054,-117.33787,11,San Diego,SR78-E,3,Mainline,E,7391
1108639,33.181952,-117.325285,11,San Diego,SR78-E,3,Mainline,E,7392
1116167,33.183485,-117.29202,11,San Diego,SR78-E,3,Mainline,E,7393
1108637,33.183323,-117.292024,11,San Diego,SR78-E,3,Mainline,E,7394
1108328,33.1885,-117.278185,11,San Diego,SR78-E,3,Mainline,E,7395
1115897,33.188661,-117.278229,11,San Diego,SR78-E,6,Mainline,E,7396
1108649,33.194181,-117.248185,11,San Diego,SR78-E,3,Mainline,E,7397
1108635,33.18952,-117.24026,11,San Diego,SR78-E,3,Mainline,E,7398
1108633,33.180072,-117.229778,11,San Diego,SR78-E,3,Mainline,E,7399
1108645,33.165559,-117.213523,11,San Diego,SR78-E,3,Mainline,E,7400
1108549,33.149286,-117.197442,11,San Diego,SR78-E,3,Mainline,E,7401
1116449,33.142359,-117.188863,11,San Diego,SR78-E,3,Mainline,E,7402
1108601,33.137072,-117.17436,11,San Diego,SR78-E,3,Mainline,E,7403
1108699,33.137161,-117.161693,11,San Diego,SR78-E,3,Mainline,E,7404
1108702,33.135093,-117.131488,11,San Diego,SR78-E,3,Mainline,E,7405
1115692,33.135241,-117.13142,11,San Diego,SR78-E,3,Mainline,E,7406
1108706,33.131236,-117.119723,11,San Diego,SR78-E,3,Mainline,E,7407
1126016,33.129097,-117.114845,11,San Diego,SR78-E,4,Mainline,E,7408
1126027,33.126865,-117.109376,11,San Diego,SR78-E,3,Mainline,E,7409
1112996,33.180446,-117.345347,11,San Diego,SR78-W,4,Mainline,W,7410
1108619,33.181145,-117.341401,11,San Diego,SR78-W,3,Mainline,W,7411
1108621,33.181397,-117.328764,11,San Diego,SR78-W,3,Mainline,W,7412
1116318,33.182878,-117.298269,11,San Diego,SR78-W,3,Mainline,W,7413
1108401,33.183081,-117.297902,11,San Diego,SR78-W,3,Mainline,W,7414
1108760,33.183222,-117.296449,11,San Diego,SR78-W,3,Mainline,W,7415
1108623,33.187261,-117.281077,11,San Diego,SR78-W,3,Mainline,W,7416
1108625,33.194328,-117.256869,11,San Diego,SR78-W,3,Mainline,W,7417
1118260,33.194991,-117.251058,11,San Diego,SR78-W,3,Mainline,W,7418
1108627,33.18994,-117.240564,11,San Diego,SR78-W,3,Mainline,W,7419
1108629,33.180588,-117.229853,11,San Diego,SR78-W,3,Mainline,W,7420
1108643,33.168329,-117.216099,11,San Diego,SR78-W,3,Mainline,W,7421
1108631,33.151914,-117.200195,11,San Diego,SR78-W,3,Mainline,W,7422
1116431,33.145055,-117.192178,11,San Diego,SR78-W,3,Mainline,W,7423
1108762,33.138585,-117.178083,11,San Diego,SR78-W,3,Mainline,W,7424
1108599,33.137287,-117.174332,11,San Diego,SR78-W,3,Mainline,W,7425
1108697,33.137204,-117.164146,11,San Diego,SR78-W,3,Mainline,W,7426
1108700,33.139232,-117.142802,11,San Diego,SR78-W,3,Mainline,W,7427
1108704,33.132967,-117.123177,11,San Diego,SR78-W,3,Mainline,W,7428
1126022,33.12936,-117.114803,11,San Diego,SR78-W,4,Mainline,W,7429
1126035,33.127065,-117.109382,11,San Diego,SR78-W,2,Mainline,W,7430
1108708,33.130825,-117.092776,11,San Diego,SR78-W,3,Mainline,W,7431
1113641,33.132227,-117.086173,11,San Diego,SR78-W,2,Mainline,W,7432
1119449,33.132541,-117.087404,11,San Diego,SR78-W,3,Mainline,W,7433
1108380,32.713024,-117.139745,11,San Diego,SR94-E,4,Mainline,E,7434
1108378,32.713119,-117.133405,11,San Diego,SR94-E,4,Mainline,E,7435
1122956,32.713724,-117.129847,11,San Diego,SR94-E,4,Mainline,E,7436
1122951,32.713706,-117.129104,11,San Diego,SR94-E,4,Mainline,E,7437
1108376,32.714326,-117.126912,11,San Diego,SR94-E,4,Mainline,E,7438
1111568,32.71658,-117.11662,11,San Diego,SR94-E,4,Mainline,E,7439
1111559,32.718627,-117.104491,11,San Diego,SR94-E,4,Mainline,E,7440
1111567,32.718925,-117.101118,11,San Diego,SR94-E,4,Mainline,E,7441
1118648,32.717692,-117.090432,11,San Diego,SR94-E,6,Mainline,E,7442
1108374,32.71801,-117.08462,11,San Diego,SR94-E,5,Mainline,E,7443
1108505,32.723666,-117.076046,11,San Diego,SR94-E,5,Mainline,E,7444
1126373,32.727761,-117.069682,11,San Diego,SR94-E,4,Mainline,E,7445
1108503,32.744705,-117.041718,11,San Diego,SR94-E,4,Mainline,E,7446
1113966,32.745649,-117.032947,11,San Diego,SR94-E,4,Mainline,E,7447
1108501,32.74629,-117.030852,11,San Diego,SR94-E,4,Mainline,E,7448
1113181,32.746819,-117.020529,11,San Diego,SR94-E,3,Mainline,E,7449
1118989,32.713382,-117.145021,11,San Diego,SR94-W,3,Mainline,W,7450
1111558,32.713274,-117.140097,11,San Diego,SR94-W,4,Mainline,W,7451
1108285,32.713318,-117.134145,11,San Diego,SR94-W,4,Mainline,W,7452
1108287,32.714211,-117.127908,11,San Diego,SR94-W,4,Mainline,W,7453
1108289,32.716724,-117.119831,11,San Diego,SR94-W,4,Mainline,W,7454
1108291,32.717134,-117.117861,11,San Diego,SR94-W,5,Mainline,W,7455
1108293,32.717909,-117.113171,11,San Diego,SR94-W,4,Mainline,W,7456
1108295,32.718507,-117.106173,11,San Diego,SR94-W,4,Mainline,W,7457
1108297,32.718104,-117.092449,11,San Diego,SR94-W,5,Mainline,W,7458
1108302,32.717955,-117.087127,11,San Diego,SR94-W,4,Mainline,W,7459
1108304,32.720663,-117.080357,11,San Diego,SR94-W,4,Mainline,W,7460
1108306,32.726464,-117.072595,11,San Diego,SR94-W,4,Mainline,W,7461
1108308,32.734694,-117.057992,11,San Diego,SR94-W,4,Mainline,W,7462
1108311,32.740913,-117.052169,11,San Diego,SR94-W,4,Mainline,W,7463
1108313,32.74454,-117.047105,11,San Diego,SR94-W,4,Mainline,W,7464
1108315,32.744864,-117.040554,11,San Diego,SR94-W,4,Mainline,W,7465
1108317,32.745268,-117.035279,11,San Diego,SR94-W,4,Mainline,W,7466
1113173,32.746923,-117.023229,11,San Diego,SR94-W,4,Mainline,W,7467
1113126,32.748892,-117.017105,11,San Diego,SR94-W,3,Mainline,W,7468
1120121,32.753919,-117.010444,11,San Diego,SR94-W,3,Mainline,W,7469
1112964,32.702928,-117.010755,11,San Diego,SR125-N,3,Mainline,N,7470
1113267,32.741488,-117.016541,11,San Diego,SR125-N,3,Mainline,N,7471
1113266,32.716131,-117.014296,11,San Diego,SR125-N,3,Mainline,N,7472
1113147,32.725198,-117.01447,11,San Diego,SR125-N,3,Mainline,N,7473
1113292,32.720013,-117.014848,11,San Diego,SR125-N,3,Mainline,N,7474
1113297,32.749839,-117.016252,11,San Diego,SR125-N,3,Mainline,N,7475
1113017,32.731085,-117.015062,11,San Diego,SR125-N,3,Mainline,N,7476
1113159,32.736686,-117.015668,11,San Diego,SR125-N,3,Mainline,N,7477
1113301,32.752517,-117.01272,11,San Diego,SR125-N,3,Mainline,N,7478
1113308,32.774782,-117.002684,11,San Diego,SR125-N,2,Mainline,N,7479
1113187,32.774754,-117.002675,11,San Diego,SR125-N,3,Mainline,N,7480
1108372,32.754424,-117.01021,11,San Diego,SR125-N,3,Mainline,N,7481
1108299,32.77556,-117.002934,11,San Diego,SR125-N,3,Mainline,N,7482
1111555,32.782757,-117.005102,11,San Diego,SR125-N,3,Mainline,N,7483
1111557,32.794264,-117.00563,11,San Diego,SR125-N,4,Mainline,N,7484
1113915,32.799266,-117.005352,11,San Diego,SR125-N,3,Mainline,N,7485
1113222,32.805368,-117.005343,11,San Diego,SR125-N,3,Mainline,N,7486
1113894,32.807875,-117.005299,11,San Diego,SR125-N,3,Mainline,N,7487
1113327,32.833838,-117.003119,11,San Diego,SR125-N,3,Mainline,N,7488
1113413,32.759045,-117.005049,11,San Diego,SR125-S,3,Mainline,S,7489
1114006,32.700378,-117.011606,11,San Diego,SR125-S,3,Mainline,S,7490
1114018,32.710482,-117.012885,11,San Diego,SR125-S,3,Mainline,S,7491
1108323,32.754413,-117.010595,11,San Diego,SR125-S,3,Mainline,S,7492
1113138,32.744963,-117.018519,11,San Diego,SR125-S,2,Mainline,S,7493
1108326,32.775103,-117.003063,11,San Diego,SR125-S,3,Mainline,S,7494
1111554,32.784849,-117.0061,11,San Diego,SR125-S,3,Mainline,S,7495
1111556,32.79423,-117.005898,11,San Diego,SR125-S,3,Mainline,S,7496
1113904,32.794418,-117.005858,11,San Diego,SR125-S,3,Mainline,S,7497
1113218,32.804631,-117.005603,11,San Diego,SR125-S,4,Mainline,S,7498
1113335,32.834748,-117.003404,11,San Diego,SR125-S,3,Mainline,S,7499
1121818,32.757697,-117.160056,11,San Diego,SR163-N,4,Mainline,N,7500
1114450,32.767979,-117.16213,11,San Diego,SR163-N,6,Mainline,N,7501
1114457,32.783982,-117.161692,11,San Diego,SR163-N,5,Mainline,N,7502
1114471,32.804762,-117.154108,11,San Diego,SR163-N,6,Mainline,N,7503
1116139,32.812726,-117.151215,11,San Diego,SR163-N,4,Mainline,N,7504
1108564,32.821751,-117.146602,11,San Diego,SR163-N,4,Mainline,N,7505
1116145,32.8269,-117.143798,11,San Diego,SR163-N,4,Mainline,N,7506
1108567,32.833798,-117.139787,11,San Diego,SR163-N,5,Mainline,N,7507
1116098,32.845121,-117.129665,11,San Diego,SR163-N,4,Mainline,N,7508
1108570,32.854682,-117.119386,11,San Diego,SR163-N,4,Mainline,N,7509
1113279,32.746749,-117.156312,11,San Diego,SR163-S,2,Mainline,S,7510
1111539,32.746765,-117.156512,11,San Diego,SR163-S,2,Mainline,S,7511
1108331,32.749679,-117.155519,11,San Diego,SR163-S,2,Mainline,S,7512
1111520,32.7516,-117.155806,11,San Diego,SR163-S,2,Mainline,S,7513
1121821,32.757664,-117.160289,11,San Diego,SR163-S,5,Mainline,S,7514
1114463,32.784029,-117.161945,11,San Diego,SR163-S,4,Mainline,S,7515
1111509,32.790699,-117.159531,11,San Diego,SR163-S,4,Mainline,S,7516
1114478,32.804853,-117.15441,11,San Diego,SR163-S,5,Mainline,S,7517
1116092,32.812816,-117.151507,11,San Diego,SR163-S,5,Mainline,S,7518
1108486,32.8195,-117.148074,11,San Diego,SR163-S,4,Mainline,S,7519
1108484,32.822354,-117.146524,11,San Diego,SR163-S,4,Mainline,S,7520
1116105,32.826994,-117.143983,11,San Diego,SR163-S,5,Mainline,S,7521
1116158,32.845317,-117.129866,11,San Diego,SR163-S,5,Mainline,S,7522
1108721,32.85586,-117.117328,11,San Diego,SR163-S,5,Mainline,S,7523
1111525,32.859661,-117.113917,11,San Diego,SR163-S,4,Mainline,S,7524
1119784,32.54945,-117.039282,11,San Diego,I805-N,2,Mainline,N,7525
1119797,32.553573,-117.041355,11,San Diego,I805-N,4,Mainline,N,7526
1118663,32.558315,-117.042254,11,San Diego,I805-N,4,Mainline,N,7527
1118677,32.572621,-117.039445,11,San Diego,I805-N,4,Mainline,N,7528
1126361,32.578126,-117.038144,11,San Diego,I805-N,5,Mainline,N,7529
1126368,32.578428,-117.038084,11,San Diego,I805-N,5,Mainline,N,7530
1122699,32.584089,-117.036837,11,San Diego,I805-N,4,Mainline,N,7531
1116061,32.597548,-117.036123,11,San Diego,I805-N,4,Mainline,N,7532
1115905,32.60296,-117.036122,11,San Diego,I805-N,4,Mainline,N,7533
1116055,32.608222,-117.036161,11,San Diego,I805-N,4,Mainline,N,7534
1122693,32.618855,-117.039388,11,San Diego,I805-N,4,Mainline,N,7535
1120025,32.63687,-117.049588,11,San Diego,I805-N,5,Mainline,N,7536
1116413,32.639755,-117.054301,11,San Diego,I805-N,4,Mainline,N,7537
1120256,32.647835,-117.060693,11,San Diego,I805-N,4,Mainline,N,7538
1108448,32.67811,-117.084893,11,San Diego,I805-N,5,Mainline,N,7539
1125457,32.691156,-117.094637,11,San Diego,I805-N,4,Mainline,N,7540
1108441,32.714775,-117.102476,11,San Diego,I805-N,4,Mainline,N,7541
1126553,32.724289,-117.10266,11,San Diego,I805-N,4,Mainline,N,7542
1122928,32.734846,-117.113294,11,San Diego,I805-N,4,Mainline,N,7543
1122929,32.734636,-117.113512,11,San Diego,I805-N,4,Mainline,N,7544
1111572,32.741165,-117.116261,11,San Diego,I805-N,4,Mainline,N,7545
1121253,32.74856,-117.12225,11,San Diego,I805-N,4,Mainline,N,7546
1118908,32.750436,-117.123137,11,San Diego,I805-N,5,Mainline,N,7547
1118915,32.760845,-117.12661,11,San Diego,I805-N,3,Mainline,N,7548
1123124,32.760722,-117.126908,11,San Diego,I805-N,6,Mainline,N,7549
1121288,32.76816,-117.129693,11,San Diego,I805-N,4,Mainline,N,7550
1116112,32.781007,-117.138625,11,San Diego,I805-N,5,Mainline,N,7551
1113460,32.782075,-117.139838,11,San Diego,I805-N,5,Mainline,N,7552
1108572,32.786732,-117.14654,11,San Diego,I805-N,5,Mainline,N,7553
1116119,32.793965,-117.149604,11,San Diego,I805-N,5,Mainline,N,7554
1116126,32.800085,-117.149586,11,San Diego,I805-N,5,Mainline,N,7555
1116133,32.804673,-117.150822,11,San Diego,I805-N,5,Mainline,N,7556
1115240,32.811675,-117.155267,11,San Diego,I805-N,4,Mainline,N,7557
1118020,32.817749,-117.159929,11,San Diego,I805-N,4,Mainline,N,7558
1117850,32.819359,-117.160872,11,San Diego,I805-N,4,Mainline,N,7559
1108577,32.832144,-117.168507,11,San Diego,I805-N,4,Mainline,N,7560
1126175,32.842493,-117.174848,11,San Diego,I805-N,5,Mainline,N,7561
1126184,32.847538,-117.177909,11,San Diego,I805-N,4,Mainline,N,7562
1108580,32.858916,-117.184886,11,San Diego,I805-N,4,Mainline,N,7563
1111553,32.867237,-117.192319,11,San Diego,I805-N,4,Mainline,N,7564
1115964,32.881721,-117.201326,11,San Diego,I805-N,5,Mainline,N,7565
1126319,32.881653,-117.201619,11,San Diego,I805-N,5,Mainline,N,7566
1108653,32.891358,-117.207213,11,San Diego,I805-N,4,Mainline,N,7567
1123089,32.894604,-117.214442,11,San Diego,I805-N,4,Mainline,N,7568
1125913,32.894648,-117.214511,11,San Diego,I805-N,2,Mainline,N,7569
1125912,32.894826,-117.214163,11,San Diego,I805-N,2,Mainline,N,7570
1123088,32.89479,-117.214108,11,San Diego,I805-N,4,Mainline,N,7571
1123081,32.903782,-117.223779,11,San Diego,I805-N,2,Mainline,N,7572
1123084,32.905,-117.224207,11,San Diego,I805-N,2,Mainline,N,7573
1119790,32.553604,-117.041663,11,San Diego,I805-S,4,Mainline,S,7574
1118656,32.558345,-117.042588,11,San Diego,I805-S,4,Mainline,S,7575
1118670,32.572631,-117.039744,11,San Diego,I805-S,4,Mainline,S,7576
1119804,32.578123,-117.038471,11,San Diego,I805-S,5,Mainline,S,7577
1122706,32.584087,-117.037094,11,San Diego,I805-S,4,Mainline,S,7578
1115912,32.59651,-117.036458,11,San Diego,I805-S,4,Mainline,S,7579
1115979,32.603075,-117.036435,11,San Diego,I805-S,4,Mainline,S,7580
1115972,32.608399,-117.036523,11,San Diego,I805-S,4,Mainline,S,7581
1126790,32.618779,-117.039649,11,San Diego,I805-S,4,Mainline,S,7582
1120291,32.630622,-117.044658,11,San Diego,I805-S,4,Mainline,S,7583
1120018,32.636725,-117.049889,11,San Diego,I805-S,5,Mainline,S,7584
1116424,32.639609,-117.054617,11,San Diego,I805-S,5,Mainline,S,7585
1121401,32.647524,-117.060767,11,San Diego,I805-S,5,Mainline,S,7586
1120040,32.651396,-117.068162,11,San Diego,I805-S,4,Mainline,S,7587
1121394,32.653505,-117.070333,11,San Diego,I805-S,5,Mainline,S,7588
1121387,32.660084,-117.076276,11,San Diego,I805-S,4,Mainline,S,7589
1126006,32.659734,-117.075966,11,San Diego,I805-S,4,Mainline,S,7590
1125944,32.672952,-117.082415,11,San Diego,I805-S,5,Mainline,S,7591
1120683,32.67285,-117.0827,11,San Diego,I805-S,5,Mainline,S,7592
1111548,32.678037,-117.085196,11,San Diego,I805-S,5,Mainline,S,7593
1117979,32.686682,-117.09211,11,San Diego,I805-S,4,Mainline,S,7594
1125925,32.686782,-117.091828,11,San Diego,I805-S,4,Mainline,S,7595
1111547,32.69111,-117.094893,11,San Diego,I805-S,4,Mainline,S,7596
1111546,32.704152,-117.095206,11,San Diego,I805-S,4,Mainline,S,7597
1111545,32.714727,-117.102692,11,San Diego,I805-S,4,Mainline,S,7598
1111544,32.725755,-117.103501,11,San Diego,I805-S,4,Mainline,S,7599
1118894,32.729729,-117.107696,11,San Diego,I805-S,5,Mainline,S,7600
1119383,32.729896,-117.107497,11,San Diego,I805-S,5,Mainline,S,7601
1123210,32.740965,-117.116526,11,San Diego,I805-S,4,Mainline,S,7602
1111543,32.748425,-117.12253,11,San Diego,I805-S,5,Mainline,S,7603
1111542,32.756165,-117.12539,11,San Diego,I805-S,5,Mainline,S,7604
1115921,32.78088,-117.138885,11,San Diego,I805-S,6,Mainline,S,7605
1108391,32.78192,-117.140068,11,San Diego,I805-S,5,Mainline,S,7606
1115929,32.786586,-117.146806,11,San Diego,I805-S,5,Mainline,S,7607
1115937,32.793814,-117.149876,11,San Diego,I805-S,5,Mainline,S,7608
1108393,32.80262,-117.150601,11,San Diego,I805-S,5,Mainline,S,7609
1115946,32.803497,-117.15084,11,San Diego,I805-S,4,Mainline,S,7610
1111570,32.808467,-117.152775,11,San Diego,I805-S,4,Mainline,S,7611
1115246,32.811513,-117.155527,11,San Diego,I805-S,4,Mainline,S,7612
1117857,32.823789,-117.163808,11,San Diego,I805-S,4,Mainline,S,7613
1118013,32.817619,-117.160167,11,San Diego,I805-S,6,Mainline,S,7614
1118957,32.819236,-117.161117,11,San Diego,I805-S,5,Mainline,S,7615
1108398,32.834806,-117.170551,11,San Diego,I805-S,5,Mainline,S,7616
1108410,32.857504,-117.184358,11,San Diego,I805-S,4,Mainline,S,7617
1108764,32.8671,-117.192516,11,San Diego,I805-S,4,Mainline,S,7618
1108413,32.875201,-117.199467,11,San Diego,I805-S,4,Mainline,S,7619
1113473,32.889107,-117.204927,11,San Diego,I805-S,4,Mainline,S,7620
1125769,32.891027,-117.207148,11,San Diego,I805-S,4,Mainline,S,7621
1123072,32.903791,-117.224669,11,San Diego,I805-S,2,Mainline,S,7622
1123064,32.904837,-117.224416,11,San Diego,I805-S,3,Mainline,S,7623
1123069,32.903777,-117.224665,11,San Diego,I805-S,3,Mainline,S,7624
1125836,32.568009,-117.035356,11,San Diego,I905-E,2,Mainline,E,7625
1125835,32.566988,-117.017135,11,San Diego,I905-E,4,Mainline,E,7626
1125812,32.56827,-117.027365,11,San Diego,I905-E,3,Mainline,E,7627
1125805,32.566314,-117.004599,11,San Diego,I905-E,3,Mainline,E,7628
1125799,32.564763,-116.988199,11,San Diego,I905-E,3,Mainline,E,7629
1125794,32.56415,-116.982231,11,San Diego,I905-E,3,Mainline,E,7630
1123302,32.56412,-116.978,11,San Diego,I905-E,3,Mainline,E,7631
1123265,32.560777,-116.944829,11,San Diego,I905-E,3,Mainline,E,7632
1123282,32.56407,-116.969401,11,San Diego,I905-E,4,Mainline,E,7633
1122380,32.564065,-116.963594,11,San Diego,I905-E,3,Mainline,E,7634
1123270,32.563837,-116.950855,11,San Diego,I905-E,3,Mainline,E,7635
1126526,32.568319,-117.035373,11,San Diego,I905-W,2,Mainline,W,7636
1125829,32.567245,-117.017043,11,San Diego,I905-W,3,Mainline,W,7637
1125348,32.568341,-117.027502,11,San Diego,I905-W,3,Mainline,W,7638
1125353,32.566603,-117.004472,11,San Diego,I905-W,3,Mainline,W,7639
1125359,32.565082,-116.988059,11,San Diego,I905-W,4,Mainline,W,7640
1123287,32.564408,-116.977872,11,San Diego,I905-W,3,Mainline,W,7641
1123276,32.564373,-116.969279,11,San Diego,I905-W,3,Mainline,W,7642
1122394,32.564336,-116.961909,11,San Diego,I905-W,3,Mainline,W,7643
1123261,32.564112,-116.950744,11,San Diego,I905-W,3,Mainline,W,7644
1123256,32.560935,-116.944559,11,San Diego,I905-W,3,Mainline,W,7645
1122412,32.555743,-116.939922,11,San Diego,I905-W,3,Mainline,W,7646
